snpID,chr_hg38,pos_hg38,chr_hg37,pos_hg37,chr_hg36,pos_hg36,chr_hg35,pos_hg35
1:238410582:T:C,1,238410582,1,238573882,1,236640505,1,234899923
2:66775635:T:G,2,66775635,2,67002767,2,66856271,2,66914418
3:75816211:A:G,3,75816211,3,75865362,3,75948052,3,75948052
3:75816219:T:G,3,75816219,3,75865370,3,75948060,3,75948060
3:75816280:A:T,3,75816280,3,75865431,3,75948121,3,75948121
3:75816310:C:A,3,75816310,3,75865461,3,75948151,3,75948151
3:75816342:A:C,3,75816342,3,75865493,3,75948183,3,75948183
4:139801643:G:T,4,139801643,4,140722797,4,140942247,4,141080402
7:10447922:A:C,7,10447922,7,10487549,7,10454074,7,10260789
10:8735229:G:T,10,8735229,10,8777192,10,8817198,10,8817198
10:42089385:C:G,10,42089385,NA,NA,NA,NA,NA,NA
10:95079377:G:A,10,95079377,10,96839134,10,96829124,10,96829124
12:131395697:A:T,12,131395697,12,131880242,12,130446195,12,130405122
15:57418934:T:C,15,57418934,15,57711132,15,55498424,15,55498424
17:14155330:A:G,17,14155330,17,14058647,17,13999372,17,13999372
17:65130128:A:T,17,65130128,17,63126246,17,60556708,17,60556708
20:30152343:G:A,20,30152343,NA,NA,NA,NA,NA,NA
22:39566026:A:T,22,39566026,22,39962031,22,38291977,22,38286531
22:43432220:G:A,22,43432220,22,43828227,22,42158171,22,42152725
