snpID,rsID,impute_score,hpWGS_calls,hpWGS_concordance,full_pval,cc_pval,full_OR,cc_OR,MAF_overall,MAF_control,MAF_case,intragenic_gene_1,cis_gene_1,cis_gene_2,cis_gene_3,cis_gene_4,cis_gene_5,cis_gene_6,cis_gene_7,cis_gene_8,cis_gene_9,cis_gene_10
10:95079377:G:A,rs200480013,0.785,50,66,1.8e-11,0.015,2.3497962805517103,1.6626305523948393,0.06790123456790123,0.05423353624792473,0.09398099260823652,,CYP2C8,ENSG00000231829,ENSG00000234026,ENSG00000237885,,,,,,
3:75816280:A:T,rs78962383,0.812,50,80,6.2e-11,0.025,2.43909164621465,1.6605235554897295,0.05954974582425563,0.04731599335915883,0.08289334741288279,,ENSG00000294868,ZNF717,ENSG00000305346,ENSG00000306147,,,,,,
17:65130128:A:T,rs9303479,0.645,50,84,1e-10,0.085,2.3826670568713015,1.4657303629647875,0.06299927378358751,0.05118981737686774,0.08553326293558607,RGS9,ENSG00000298947,,,,,,,,,
3:75816219:T:G,,0.841,50,88,1.4e-10,0.022,2.4377308859092826,1.705973546039007,0.05664488017429194,0.04510237963475373,0.07866948257655755,,ENSG00000294868,ZNF717,ENSG00000305346,ENSG00000306147,,,,,,
12:131395697:A:T,,0.725,50,82,1.4e-10,0.012,2.447983019011577,1.853705400939509,0.05755265068990559,0.04427227448810182,0.08289334741288279,,ENSG00000295038,ENSG00000308352,ENSG00000308331,ENSG00000295819,ENSG00000287792,ENSG00000256484,ENSG00000308360,LINC02370,ENSG00000287136,ENSG00000280319
22:39566026:A:T,,0.811,50,82,2.5e-10,0.016,2.499059686084839,1.849507668011094,0.05301379811183732,0.04150525733259546,0.07497360084477296,,CACNA1I,ENSG00000303612,RPS19BP1,ATF4,MIEF1,,,,,
3:75816211:A:G,rs111435847,0.833,50,88,3.4e-10,0.016,2.4401141846489938,1.7759530176303957,0.05410312273057371,0.04288876591034864,0.07550158394931362,,ENSG00000294868,ZNF717,ENSG00000305346,ENSG00000306147,,,,,,
3:75816310:C:A,rs113424442,0.71,50,76,3.4e-10,0.054,2.368890258360242,1.551121972455636,0.05809731299927379,0.04676258992805755,0.07972544878563886,,ENSG00000294868,ZNF717,ENSG00000305346,ENSG00000306147,,,,,,
7:10447922:A:C,rs199531112,0.613,50,76,1.8e-9,0.23,2.4403263819140673,1.3170241528807596,0.05156136528685548,0.04067515218594355,0.0723336853220697,ENSG00000283117,HSPA8P8,ENSG00000234356,,,,,,,,
4:139801643:G:T,rs13114088,0.651,50,72,2.6e-9,0.036,2.1752425610691146,1.5931165507721552,0.06608569353667393,0.05451023796347537,0.08817317845828933,MAML3,RN7SKP253,ENSG00000286320,ENSG00000290022,,,,,,,
22:43432220:G:A,,0.693,50,76,2.9e-9,0.0021,2.1767895817330674,2.1018078238045765,0.06608569353667393,0.05423353624792473,0.08870116156282999,MPPED1,LINC01639,ENSG00000299223,,,,,,,,
15:57418934:T:C,rs56380268,0.656,50,86,5.4e-9,0.35,2.2388325268152607,1.2314329378907307,0.05737109658678286,0.04759269507470946,0.07602956705385427,CGNL1,RNU6-844P,,,,,,,,,
2:66775635:T:G,,0.926,50,68,6.9e-9,0.19,2.1515097408908765,1.3207541638058844,0.0635439360929557,0.05201992252351965,0.08553326293558607,LINC01798,DNMT3AP1,,,,,,,,,
10:42089385:C:G,,0.642,50,80,1.1e-8,0.08,2.3042410319015514,1.5070741586754477,0.05029048656499637,0.03818483674598783,0.073389651531151,,,,,,,,,,,
3:75816342:A:C,,0.803,50,84,3.2e-8,0.088,2.210611411229085,1.5086847724245045,0.05265068990559186,0.04399557277255118,0.06916578669482576,,ENSG00000294868,ZNF717,ENSG00000305346,ENSG00000306147,,,,,,
20:30152343:G:A,,0.711,50,88,3.3e-8,0.0053,2.0506117976871097,1.8869444154514248,0.0677196804647785,0.05672385168788047,0.08870116156282999,,,,,,,,,,,
10:8735229:G:T,rs7913728,0.681,50,78,3.5e-8,0.033,2.058800629608706,1.6114506290723505,0.0664488017429194,0.05368013281682346,0.0908130939809926,ENSG00000308749,ENSG00000270234,,,,,,,,,
17:14155330:A:G,rs34369729,0.642,50,74,3.5e-8,0.43,2.120695187185335,1.2000031935921798,0.06227305737109658,0.05146651909241837,0.08289334741288279,COX10,ENSG00000252305,,,,,,,,,
1:238410582:T:C,rs74232382,0.641,50,88,4.2e-8,0.89,2.1413300799086943,1.0305200405092605,0.05791575889615105,0.04759269507470946,0.07761351636747624,ENSG00000234464,,,,,,,,,,
